listing_url,host_url,host_name
https://www.airbnb.com/rooms/101796424,,
https://www.airbnb.com/rooms/21260476,/users/show/120463181,Bobby User Profile
https://www.airbnb.com/rooms/20499710,/users/show/145039640,Scott User Profile
https://www.airbnb.com/rooms/8538325,/users/show/44951546,Christina User Profile
https://www.airbnb.com/rooms/32873469,/users/show/207771338,David User Profile
https://www.airbnb.com/rooms/32919904,/users/show/206009013,Maximillian User Profile
https://www.airbnb.com/rooms/13899864,/users/show/4402051,Sean User Profile
https://www.airbnb.com/rooms/23567467,/users/show/96894239,Eben User Profile
https://www.airbnb.com/rooms/16539717,/users/show/12243051,Sonder User Profile
https://www.airbnb.com/rooms/32724493,/users/show/68949582,Kathy User Profile
https://www.airbnb.com/rooms/33275245,,
https://www.airbnb.com/rooms/27406623,/users/show/18266053,Linda User Profile
https://www.airbnb.com/rooms/21524818,/users/show/105454821,Kd User Profile
https://www.airbnb.com/rooms/32213289,/users/show/30041692,Nandita User Profile
https://www.airbnb.com/rooms/26057880,/users/show/32788627,Hostie User Profile
https://www.airbnb.com/rooms/32386221,/users/show/11129557,Rent Local User Profile
https://www.airbnb.com/rooms/26420762,/users/show/47172572,Zencity User Profile
https://www.airbnb.com/rooms/22080106,/users/show/60726537,Casey User Profile
https://www.airbnb.com/rooms/31481945,/users/show/235859050,Bennett User Profile
https://www.airbnb.com/rooms/31313131,/users/show/62850223,Jose User Profile
https://www.airbnb.com/rooms/7221759,/users/show/13757170,Mike User Profile
https://www.airbnb.com/rooms/27990355,/users/show/79879006,Jeffrey User Profile
https://www.airbnb.com/rooms/31441091,/users/show/11651621,Lisa User Profile
https://www.airbnb.com/rooms/26035674,/users/show/152918055,Tiffany User Profile
https://www.airbnb.com/rooms/19229309,/users/show/134623319,Fabiola User Profile
https://www.airbnb.com/rooms/29280135,/users/show/106272773,Alex & Danny User Profile
https://www.airbnb.com/rooms/25379778,/users/show/9928881,Kelsey And Jean User Profile
https://www.airbnb.com/rooms/31858738,/users/show/201057529,Domio User Profile
https://www.airbnb.com/rooms/102854988,,
https://www.airbnb.com/rooms/21565589,/users/show/154850323,Erhan User Profile
https://www.airbnb.com/rooms/31858800,/users/show/201057529,Domio User Profile
https://www.airbnb.com/rooms/9886057,/users/show/16499771,Rishi User Profile
https://www.airbnb.com/rooms/22905513,/users/show/9994679,Jessica User Profile
https://www.airbnb.com/rooms/33364230,/users/show/251328939,Christina User Profile
https://www.airbnb.com/rooms/10340807,/users/show/11278,Hunter User Profile
https://www.airbnb.com/rooms/7604699,/users/show/4251633,Walter User Profile
https://www.airbnb.com/rooms/15914497,/users/show/56054371,Michael User Profile
https://www.airbnb.com/rooms/6863178,/users/show/683529,Joe User Profile
https://www.airbnb.com/rooms/6528867,/users/show/683529,Joe User Profile
https://www.airbnb.com/rooms/29535217,,
https://www.airbnb.com/rooms/12803883,/users/show/11521572,Gerard User Profile
https://www.airbnb.com/rooms/12070668,/users/show/44184344,Millie & Richard User Profile
https://www.airbnb.com/rooms/24408921,/users/show/25277779,Sue User Profile
https://www.airbnb.com/rooms/19577306,/users/show/29547324,William User Profile
https://www.airbnb.com/rooms/100896111,,
https://www.airbnb.com/rooms/plus/6423299,/users/show/5228189,Matthew User Profile
https://www.airbnb.com/rooms/15374367,,
https://www.airbnb.com/rooms/145690,/users/show/683529,Joe User Profile
https://www.airbnb.com/rooms/plus/17071648,/users/show/14205967,Whit User Profile
https://www.airbnb.com/rooms/32466527,,
https://www.airbnb.com/rooms/6716477,/users/show/683529,Joe User Profile
https://www.airbnb.com/rooms/17380633,/users/show/11198548,Dave User Profile
listing_url,host_url,host_name
https://www.airbnb.com/rooms/101796424,,
https://www.airbnb.com/rooms/21260476,/users/show/120463181,Bobby User Profile
https://www.airbnb.com/rooms/20499710,/users/show/145039640,Scott User Profile
https://www.airbnb.com/rooms/8538325,/users/show/44951546,Christina User Profile
https://www.airbnb.com/rooms/32873469,/users/show/207771338,David User Profile
https://www.airbnb.com/rooms/32919904,/users/show/206009013,Maximillian User Profile
https://www.airbnb.com/rooms/13899864,/users/show/4402051,Sean User Profile
https://www.airbnb.com/rooms/23567467,/users/show/96894239,Eben User Profile
https://www.airbnb.com/rooms/16539717,/users/show/12243051,Sonder User Profile
https://www.airbnb.com/rooms/32724493,/users/show/68949582,Kathy User Profile
https://www.airbnb.com/rooms/33275245,,
https://www.airbnb.com/rooms/27406623,/users/show/18266053,Linda User Profile
https://www.airbnb.com/rooms/21524818,/users/show/105454821,Kd User Profile
https://www.airbnb.com/rooms/32213289,/users/show/30041692,Nandita User Profile
https://www.airbnb.com/rooms/26057880,/users/show/32788627,Hostie User Profile
https://www.airbnb.com/rooms/32386221,/users/show/11129557,Rent Local User Profile
https://www.airbnb.com/rooms/26420762,/users/show/47172572,Zencity User Profile
https://www.airbnb.com/rooms/22080106,/users/show/60726537,Casey User Profile
https://www.airbnb.com/rooms/31481945,/users/show/235859050,Bennett User Profile
https://www.airbnb.com/rooms/31313131,/users/show/62850223,Jose User Profile
https://www.airbnb.com/rooms/7221759,/users/show/13757170,Mike User Profile
https://www.airbnb.com/rooms/27990355,/users/show/79879006,Jeffrey User Profile
https://www.airbnb.com/rooms/31441091,/users/show/11651621,Lisa User Profile
https://www.airbnb.com/rooms/26035674,/users/show/152918055,Tiffany User Profile
https://www.airbnb.com/rooms/19229309,/users/show/134623319,Fabiola User Profile
https://www.airbnb.com/rooms/29280135,/users/show/106272773,Alex & Danny User Profile
https://www.airbnb.com/rooms/25379778,/users/show/9928881,Kelsey And Jean User Profile
https://www.airbnb.com/rooms/31858738,/users/show/201057529,Domio User Profile
https://www.airbnb.com/rooms/102854988,,
https://www.airbnb.com/rooms/21565589,/users/show/154850323,Erhan User Profile
https://www.airbnb.com/rooms/31858800,/users/show/201057529,Domio User Profile
https://www.airbnb.com/rooms/9886057,/users/show/16499771,Rishi User Profile
https://www.airbnb.com/rooms/22905513,/users/show/9994679,Jessica User Profile
https://www.airbnb.com/rooms/33364230,/users/show/251328939,Christina User Profile
https://www.airbnb.com/rooms/10340807,/users/show/11278,Hunter User Profile
https://www.airbnb.com/rooms/7604699,/users/show/4251633,Walter User Profile
https://www.airbnb.com/rooms/15914497,/users/show/56054371,Michael User Profile
https://www.airbnb.com/rooms/6863178,/users/show/683529,Joe User Profile
https://www.airbnb.com/rooms/6528867,/users/show/683529,Joe User Profile
https://www.airbnb.com/rooms/29535217,,
https://www.airbnb.com/rooms/12803883,/users/show/11521572,Gerard User Profile
https://www.airbnb.com/rooms/12070668,/users/show/44184344,Millie & Richard User Profile
https://www.airbnb.com/rooms/24408921,/users/show/25277779,Sue User Profile
https://www.airbnb.com/rooms/19577306,/users/show/29547324,William User Profile
https://www.airbnb.com/rooms/100896111,,
https://www.airbnb.com/rooms/plus/6423299,/users/show/5228189,Matthew User Profile
https://www.airbnb.com/rooms/15374367,,
https://www.airbnb.com/rooms/145690,/users/show/683529,Joe User Profile
https://www.airbnb.com/rooms/plus/17071648,/users/show/14205967,Whit User Profile
https://www.airbnb.com/rooms/32466527,,
https://www.airbnb.com/rooms/6716477,/users/show/683529,Joe User Profile
https://www.airbnb.com/rooms/17380633,/users/show/11198548,Dave User Profile
https://www.airbnb.com/rooms/6853688,/users/show/683529,Joe User Profile
https://www.airbnb.com/rooms/26138846,/users/show/26025891,Renée User Profile
https://www.airbnb.com/rooms/10086315,/users/show/49403044,Brendan User Profile
https://www.airbnb.com/rooms/6153674,/users/show/683529,Joe User Profile
https://www.airbnb.com/rooms/15391505,/users/show/9928881,Kelsey And Jean User Profile
https://www.airbnb.com/rooms/31545332,/users/show/148697512,Christopher User Profile
https://www.airbnb.com/rooms/32465517,/users/show/9928881,Kelsey And Jean User Profile
https://www.airbnb.com/rooms/28364302,/users/show/148697512,Christopher User Profile
https://www.airbnb.com/rooms/20759671,/users/show/148697512,Christopher User Profile
https://www.airbnb.com/rooms/32468487,/users/show/9928881,Kelsey And Jean User Profile
https://www.airbnb.com/rooms/29080968,/users/show/92023697,Jhoanna User Profile
https://www.airbnb.com/rooms/6732036,/users/show/34217631,Kenneth User Profile
https://www.airbnb.com/rooms/20386658,/users/show/84010136,Ciara User Profile
https://www.airbnb.com/rooms/699284,/users/show/3586103,Judy User Profile
https://www.airbnb.com/rooms/32671715,/users/show/180004994,Jeannie And Paul User Profile
https://www.airbnb.com/rooms/10411427,/users/show/22608682,Ryan User Profile
https://www.airbnb.com/rooms/13623767,/users/show/736860,Boo User Profile
https://www.airbnb.com/rooms/1584509,/users/show/8442094,Russ User Profile
https://www.airbnb.com/rooms/1854000,/users/show/9471604,James User Profile
https://www.airbnb.com/rooms/plus/24011334,/users/show/5402236,Casey User Profile
https://www.airbnb.com/rooms/31368026,/users/show/126591041,Lisa User Profile
https://www.airbnb.com/rooms/8821713,/users/show/12243051,Sonder User Profile
https://www.airbnb.com/rooms/18717982,/users/show/45767230,Rachel User Profile
https://www.airbnb.com/rooms/10296948,/users/show/8442094,Russ User Profile
https://www.airbnb.com/rooms/32671366,/users/show/180004994,Jeannie And Paul User Profile
https://www.airbnb.com/rooms/15745828,/users/show/47937200,Lindsay User Profile
https://www.airbnb.com/rooms/21967838,/users/show/47996971,Mike User Profile
https://www.airbnb.com/rooms/24041482,/users/show/6202502,Isabelle At Voyajoy User Profile
https://www.airbnb.com/rooms/13414371,/users/show/12243051,Sonder User Profile
https://www.airbnb.com/rooms/21159610,/users/show/14420993,Ryan User Profile
https://www.airbnb.com/rooms/24842628,/users/show/142417938,Stephanie User Profile
https://www.airbnb.com/rooms/4178970,/users/show/8852597,Hector User Profile
https://www.airbnb.com/rooms/19488092,/users/show/118414578,Ashnar User Profile
https://www.airbnb.com/rooms/1171860,/users/show/2658212,James User Profile
https://www.airbnb.com/rooms/15644173,/users/show/40802051,Jay User Profile
https://www.airbnb.com/rooms/15642244,/users/show/17691856,Sara User Profile
https://www.airbnb.com/rooms/33039987,/users/show/83411569,Rosa User Profile
https://www.airbnb.com/rooms/26467060,/users/show/167978669,Nicholas User Profile
https://www.airbnb.com/rooms/12361720,/users/show/9267871,Andy User Profile
https://www.airbnb.com/rooms/25882513,/users/show/193754049,Mike User Profile
https://www.airbnb.com/rooms/20503650,/users/show/93922918,Travis User Profile
https://www.airbnb.com/rooms/25839958,/users/show/193752800,Robby User Profile
https://www.airbnb.com/rooms/32724741,/users/show/68949582,Kathy User Profile
https://www.airbnb.com/rooms/31566197,/users/show/164710043,Noah+Team User Profile
https://www.airbnb.com/rooms/29260422,/users/show/64473240,Amanda User Profile
https://www.airbnb.com/rooms/15673954,/users/show/61510402,Christophe User Profile
https://www.airbnb.com/rooms/25998254,/users/show/32230987,Seth William User Profile
https://www.airbnb.com/rooms/26273349,/users/show/23612069,Tj User Profile
https://www.airbnb.com/rooms/17302725,/users/show/9094538,Nicole User Profile
https://www.airbnb.com/rooms/29949142,/users/show/11129557,Rent Local User Profile
https://www.airbnb.com/rooms/20712959,/users/show/72758399,John User Profile
https://www.airbnb.com/rooms/25882504,/users/show/193754049,Mike User Profile
https://www.airbnb.com/rooms/4112130,/users/show/16864162,Brittany User Profile
https://www.airbnb.com/rooms/26987096,/users/show/12243051,Sonder User Profile
https://www.airbnb.com/rooms/25512227,/users/show/154502192,Neil User Profile
https://www.airbnb.com/rooms/plus/22389768,/users/show/74620805,Almir And Majda User Profile
https://www.airbnb.com/rooms/plus/15360554,/users/show/24203102,Colin User Profile
https://www.airbnb.com/rooms/26253486,/users/show/22507060,Gerardo And Erica User Profile
https://www.airbnb.com/rooms/15287161,/users/show/8549643,George & Sean User Profile
https://www.airbnb.com/rooms/29858369,,
https://www.airbnb.com/rooms/32038761,/users/show/7958886,Lole User Profile
https://www.airbnb.com/rooms/8608064,/users/show/40617584,E User Profile
https://www.airbnb.com/rooms/plus/17827123,/users/show/36852019,Jeremey User Profile
https://www.airbnb.com/rooms/29948742,/users/show/11129557,Rent Local User Profile
https://www.airbnb.com/rooms/33399794,/users/show/48209432,Naf User Profile
https://www.airbnb.com/rooms/33184963,/users/show/1642696,Megan User Profile
https://www.airbnb.com/rooms/25882509,/users/show/193754049,Mike User Profile
https://www.airbnb.com/rooms/12035588,/users/show/2496361,Matt User Profile
https://www.airbnb.com/rooms/11510864,/users/show/10917550,Nicky User Profile
https://www.airbnb.com/rooms/5977874,/users/show/16864162,Brittany User Profile
https://www.airbnb.com/rooms/15216611,/users/show/9994679,Jessica User Profile
https://www.airbnb.com/rooms/28069726,/users/show/207539963,Grant User Profile
https://www.airbnb.com/rooms/33136448,/users/show/207771338,David User Profile
https://www.airbnb.com/rooms/plus/9615953,/users/show/4069585,Liz User Profile
https://www.airbnb.com/rooms/18544395,/users/show/23334396,Mariola User Profile
https://www.airbnb.com/rooms/9596278,,
https://www.airbnb.com/rooms/22264612,/users/show/47172572,Zencity User Profile
https://www.airbnb.com/rooms/29949352,/users/show/11129557,Rent Local User Profile
https://www.airbnb.com/rooms/32871572,/users/show/14866234,Dustin User Profile
https://www.airbnb.com/rooms/32442843,/users/show/166918192,Sara & Samir User Profile
https://www.airbnb.com/rooms/25949285,/users/show/109324837,Youngin User Profile
https://www.airbnb.com/rooms/27673058,/users/show/7958886,Lole User Profile
https://www.airbnb.com/rooms/26642390,,
https://www.airbnb.com/rooms/19734070,/users/show/138900678,Lennon User Profile
https://www.airbnb.com/rooms/30374645,/users/show/123438094,Ting Ting User Profile
https://www.airbnb.com/rooms/21980644,/users/show/20227905,John User Profile
https://www.airbnb.com/rooms/29519483,/users/show/71835019,Marit User Profile
https://www.airbnb.com/rooms/19435711,/users/show/12243051,Sonder User Profile
https://www.airbnb.com/rooms/22754844,/users/show/64582798,Mike User Profile
https://www.airbnb.com/rooms/20722119,/users/show/145039640,Scott User Profile
https://www.airbnb.com/rooms/4395112,/users/show/8065811,Peter User Profile
https://www.airbnb.com/rooms/18794394,/users/show/8292605,Preston User Profile
https://www.airbnb.com/rooms/23271608,/users/show/69532286,Ms. User Profile
https://www.airbnb.com/rooms/22674065,/users/show/69532286,Ms. User Profile
https://www.airbnb.com/rooms/30091413,,
https://www.airbnb.com/rooms/32958467,/users/show/217940323,Mike User Profile
https://www.airbnb.com/rooms/31952908,/users/show/218452414,Livly User Profile
https://www.airbnb.com/rooms/3953841,/users/show/20494609,Chad User Profile
https://www.airbnb.com/rooms/30398099,/users/show/59794802,Leila Suelen User Profile
https://www.airbnb.com/rooms/22265007,/users/show/47172572,Zencity User Profile
https://www.airbnb.com/rooms/25309420,/users/show/132370189,Eliseo User Profile
https://www.airbnb.com/rooms/31382835,/users/show/137690443,Gabriela User Profile
https://www.airbnb.com/rooms/24102820,/users/show/34191427,Sonia User Profile
https://www.airbnb.com/rooms/25008688,/users/show/108145916,John User Profile
https://www.airbnb.com/rooms/46151,/users/show/87231,Jeff And JoAnne User Profile
https://www.airbnb.com/rooms/29941738,/users/show/180004994,Jeannie And Paul User Profile
https://www.airbnb.com/rooms/101964375,,
https://www.airbnb.com/rooms/26420661,/users/show/47172572,Zencity User Profile
https://www.airbnb.com/rooms/22228730,/users/show/12243051,Sonder User Profile
https://www.airbnb.com/rooms/16837677,/users/show/27081337,Michael User Profile
https://www.airbnb.com/rooms/21354514,/users/show/10815217,Dan User Profile
https://www.airbnb.com/rooms/9977717,/users/show/51270838,Dan User Profile
https://www.airbnb.com/rooms/32724881,,
https://www.airbnb.com/rooms/12631039,/users/show/14340142,Brendan User Profile
https://www.airbnb.com/rooms/25244851,/users/show/57277343,Rene User Profile
https://www.airbnb.com/rooms/22316627,/users/show/5228189,Matthew User Profile
https://www.airbnb.com/rooms/13451748,/users/show/2026222,Sam User Profile
https://www.airbnb.com/rooms/102573388,,
https://www.airbnb.com/rooms/15132653,/users/show/51628877,John User Profile
https://www.airbnb.com/rooms/7802208,/users/show/35241159,Oliver User Profile
https://www.airbnb.com/rooms/22559934,/users/show/4420568,Tom User Profile
https://www.airbnb.com/rooms/29880162,/users/show/180004994,Jeannie And Paul User Profile
https://www.airbnb.com/rooms/32781878,/users/show/153282233,Justin User Profile
https://www.airbnb.com/rooms/31951976,/users/show/218452414,Livly User Profile
https://www.airbnb.com/rooms/15769552,/users/show/11156252,Kristen User Profile
https://www.airbnb.com/rooms/23015095,/users/show/120140439,Tiffany User Profile
https://www.airbnb.com/rooms/14611960,/users/show/90644159,Jean User Profile
https://www.airbnb.com/rooms/32873859,/users/show/207771338,David User Profile
https://www.airbnb.com/rooms/11980852,/users/show/64027898,Ron User Profile
https://www.airbnb.com/rooms/20834078,/users/show/36128270,Juanita User Profile
https://www.airbnb.com/rooms/28101595,/users/show/212068907,Troy And Alex User Profile
https://www.airbnb.com/rooms/4598631,/users/show/1649647,Bianca User Profile
https://www.airbnb.com/rooms/8739779,/users/show/12243051,Sonder User Profile
https://www.airbnb.com/rooms/27392769,,
https://www.airbnb.com/rooms/27529239,/users/show/26342248,Alaina User Profile
https://www.airbnb.com/rooms/13075856,/users/show/72470948,Tom User Profile
https://www.airbnb.com/rooms/30685450,/users/show/43933909,Nat User Profile
https://www.airbnb.com/rooms/22804115,/users/show/90477795,Brian User Profile
https://www.airbnb.com/rooms/20298876,/users/show/29283474,Dan User Profile
https://www.airbnb.com/rooms/27433171,/users/show/166918192,Sara & Samir User Profile
https://www.airbnb.com/rooms/28287649,/users/show/60521191,Sonia User Profile
https://www.airbnb.com/rooms/13734253,/users/show/9152651,Jon User Profile
https://www.airbnb.com/rooms/22367433,/users/show/126591041,Lisa User Profile
https://www.airbnb.com/rooms/22110694,/users/show/35781467,Sonia & Syed User Profile
https://www.airbnb.com/rooms/26638729,/users/show/154850323,Erhan User Profile
https://www.airbnb.com/rooms/22769340,/users/show/99933063,Ishmael User Profile
https://www.airbnb.com/rooms/9993063,/users/show/51270838,Dan User Profile
https://www.airbnb.com/rooms/31858660,/users/show/201057529,Domio User Profile
https://www.airbnb.com/rooms/27467311,/users/show/32928568,Alfonso User Profile
https://www.airbnb.com/rooms/14650354,/users/show/90644159,Jean User Profile
https://www.airbnb.com/rooms/25269,/users/show/87231,Jeff And JoAnne User Profile
https://www.airbnb.com/rooms/27365714,/users/show/139347730,Souhil User Profile
https://www.airbnb.com/rooms/12714714,/users/show/69130426,Charla User Profile
https://www.airbnb.com/rooms/19842149,/users/show/140263872,Jennifer User Profile
https://www.airbnb.com/rooms/15024671,/users/show/90644159,Jean User Profile
https://www.airbnb.com/rooms/32475829,/users/show/244000490,Goathote User Profile
https://www.airbnb.com/rooms/20539574,,
https://www.airbnb.com/rooms/21567162,/users/show/152378411,Robert User Profile
https://www.airbnb.com/rooms/21568429,/users/show/127844506,Sean User Profile
https://www.airbnb.com/rooms/32209103,/users/show/31514055,Aaron User Profile
https://www.airbnb.com/rooms/10944822,/users/show/7290641,Megan User Profile
https://www.airbnb.com/rooms/24676636,/users/show/186499595,Lara User Profile
https://www.airbnb.com/rooms/17215459,/users/show/115896160,Patrick User Profile
https://www.airbnb.com/rooms/32439790,/users/show/58341908,Matt User Profile
https://www.airbnb.com/rooms/102910847,,
https://www.airbnb.com/rooms/17876078,/users/show/107775166,Warren User Profile
https://www.airbnb.com/rooms/plus/20205405,/users/show/110003955,Vacasa Illinois User Profile
https://www.airbnb.com/rooms/plus/8223109,/users/show/43361248,Max User Profile
https://www.airbnb.com/rooms/22617065,/users/show/39804851,Dino User Profile
https://www.airbnb.com/rooms/29674064,/users/show/175391883,Cloud9 User Profile
https://www.airbnb.com/rooms/20120242,/users/show/72470948,Tom User Profile
https://www.airbnb.com/rooms/31877899,/users/show/166918192,Sara & Samir User Profile
https://www.airbnb.com/rooms/plus/16310732,/users/show/5402236,Casey User Profile
https://www.airbnb.com/rooms/32166502,/users/show/235859050,Bennett User Profile
https://www.airbnb.com/rooms/27966715,/users/show/88566861,Kasa User Profile
https://www.airbnb.com/rooms/1584422,/users/show/2810938,Carole & Basil User Profile
https://www.airbnb.com/rooms/plus/984850,/users/show/5402236,Casey User Profile
https://www.airbnb.com/rooms/plus/16453692,/users/show/5402236,Casey User Profile
https://www.airbnb.com/rooms/32670259,/users/show/205582225,Manny User Profile
https://www.airbnb.com/rooms/24633846,,
https://www.airbnb.com/rooms/29898010,/users/show/61786359,Denise & Paul User Profile
https://www.airbnb.com/rooms/29673058,/users/show/175391883,Cloud9 User Profile
https://www.airbnb.com/rooms/4370895,/users/show/10691960,Kayla User Profile
https://www.airbnb.com/rooms/23092783,/users/show/75943777,Edelia User Profile
https://www.airbnb.com/rooms/18618247,/users/show/5970294,John User Profile
https://www.airbnb.com/rooms/plus/13884932,/users/show/71660256,Jeremy User Profile
https://www.airbnb.com/rooms/20293109,,
https://www.airbnb.com/rooms/26795754,/users/show/156360525,Scott User Profile
https://www.airbnb.com/rooms/27700069,/users/show/96951442,Taryn User Profile
https://www.airbnb.com/rooms/28832946,/users/show/23612069,Tj User Profile
https://www.airbnb.com/rooms/31021510,/users/show/164710043,Noah+Team User Profile
https://www.airbnb.com/rooms/27529259,/users/show/24203102,Colin User Profile
https://www.airbnb.com/rooms/30284277,/users/show/142047837,Kate User Profile
https://www.airbnb.com/rooms/33042028,/users/show/166918192,Sara & Samir User Profile
https://www.airbnb.com/rooms/4737080,/users/show/24455650,Cynthia And Charlie User Profile
https://www.airbnb.com/rooms/15037503,/users/show/52704607,Nick User Profile
https://www.airbnb.com/rooms/17717430,/users/show/66275798,Carol User Profile
https://www.airbnb.com/rooms/5651414,/users/show/847592,Jennifer User Profile
https://www.airbnb.com/rooms/16070218,/users/show/7528450,Prestigious Rental User Profile
https://www.airbnb.com/rooms/25915987,/users/show/194322303,Brett User Profile
https://www.airbnb.com/rooms/4616669,/users/show/23916815,Stephanie User Profile
https://www.airbnb.com/rooms/22827281,/users/show/23612069,Tj User Profile
https://www.airbnb.com/rooms/18007889,/users/show/378923,Mil User Profile
https://www.airbnb.com/rooms/28764167,/users/show/164710043,Noah+Team User Profile
https://www.airbnb.com/rooms/10252775,/users/show/52704607,Nick User Profile
https://www.airbnb.com/rooms/30588432,/users/show/12243051,Sonder User Profile
https://www.airbnb.com/rooms/25873660,/users/show/193752800,Robby User Profile
https://www.airbnb.com/rooms/32634055,/users/show/245346526,Madeline User Profile
https://www.airbnb.com/rooms/19434813,/users/show/12243051,Sonder User Profile
https://www.airbnb.com/rooms/26025429,/users/show/195593906,Paul User Profile
https://www.airbnb.com/rooms/9492399,/users/show/30555911,Anjli User Profile
https://www.airbnb.com/rooms/29792567,/users/show/35781467,Sonia & Syed User Profile
https://www.airbnb.com/rooms/24804632,/users/show/31397710,Brad User Profile
https://www.airbnb.com/rooms/29949051,/users/show/11129557,Rent Local User Profile
https://www.airbnb.com/rooms/22301348,/users/show/111840484,Angel User Profile
https://www.airbnb.com/rooms/25404235,/users/show/14814289,Elliott User Profile
https://www.airbnb.com/rooms/18240098,/users/show/69532286,Ms. User Profile
https://www.airbnb.com/rooms/25894694,/users/show/194587024,Gigi User Profile
https://www.airbnb.com/rooms/13280235,/users/show/12243051,Sonder User Profile
https://www.airbnb.com/rooms/12271504,/users/show/12243051,Sonder User Profile
https://www.airbnb.com/rooms/102813512,,
https://www.airbnb.com/rooms/23683517,/users/show/176229376,Acme User Profile
https://www.airbnb.com/rooms/23699085,/users/show/47172572,Zencity User Profile
https://www.airbnb.com/rooms/23344164,/users/show/29069471,Celia User Profile
https://www.airbnb.com/rooms/19716246,/users/show/138900678,Lennon User Profile
https://www.airbnb.com/rooms/32515481,/users/show/9154733,Steven User Profile
https://www.airbnb.com/rooms/20760300,/users/show/53120834,Lulu User Profile
https://www.airbnb.com/rooms/1398616,/users/show/1540192,Michael And Jackie User Profile
https://www.airbnb.com/rooms/21216616,/users/show/12243051,Sonder User Profile
https://www.airbnb.com/rooms/25841209,/users/show/193754049,Mike User Profile
https://www.airbnb.com/rooms/2189522,/users/show/1559157,Amanda User Profile
https://www.airbnb.com/rooms/101770339,,
https://www.airbnb.com/rooms/24965357,/users/show/1649647,Bianca User Profile
https://www.airbnb.com/rooms/8757763,/users/show/12243051,Sonder User Profile
https://www.airbnb.com/rooms/32386067,/users/show/11129557,Rent Local User Profile
https://www.airbnb.com/rooms/13531342,/users/show/35412645,Aughty User Profile
https://www.airbnb.com/rooms/24249202,/users/show/182837612,Vanda User Profile
https://www.airbnb.com/rooms/22688995,/users/show/12243051,Sonder User Profile
https://www.airbnb.com/rooms/33047501,/users/show/190649394,Ale User Profile
https://www.airbnb.com/rooms/29763917,/users/show/209819820,Sebastian User Profile
https://www.airbnb.com/rooms/26421984,/users/show/1483478,Brian User Profile
https://www.airbnb.com/rooms/1321332,/users/show/946954,Jeff User Profile
https://www.airbnb.com/rooms/30420856,/users/show/228367430,Keira User Profile
https://www.airbnb.com/rooms/13361661,/users/show/43446278,Amber User Profile
https://www.airbnb.com/rooms/18286991,/users/show/12243051,Sonder User Profile
https://www.airbnb.com/rooms/31315336,/users/show/99933063,Ishmael User Profile
https://www.airbnb.com/rooms/23249366,/users/show/20490917,Robert User Profile
https://www.airbnb.com/rooms/32180833,/users/show/221629804,Zoe User Profile
https://www.airbnb.com/rooms/1229238,/users/show/6705392,Mario User Profile
https://www.airbnb.com/rooms/27489353,/users/show/104627783,Bellanger User Profile
https://www.airbnb.com/rooms/24104656,/users/show/181539963,Mackenzie User Profile
https://www.airbnb.com/rooms/11658178,/users/show/61868239,Michael User Profile
https://www.airbnb.com/rooms/8148756,/users/show/43022904,Chris User Profile
https://www.airbnb.com/rooms/25362253,/users/show/66621852,Jeff & Liz User Profile
https://www.airbnb.com/rooms/32845707,/users/show/37880875,Helen User Profile
https://www.airbnb.com/rooms/873628,/users/show/4611613,Russ User Profile
https://www.airbnb.com/rooms/32166971,,
https://www.airbnb.com/rooms/18743864,/users/show/130391141,Gloria User Profile
https://www.airbnb.com/rooms/102598687,,
https://www.airbnb.com/rooms/13148936,/users/show/72457998,Jon User Profile
https://www.airbnb.com/rooms/21013562,/users/show/151312537,Sara User Profile
https://www.airbnb.com/rooms/30042584,/users/show/41862889,Inna User Profile
https://www.airbnb.com/rooms/28182902,/users/show/156330040,Madeline User Profile
https://www.airbnb.com/rooms/30569260,/users/show/139765116,Jose User Profile
https://www.airbnb.com/rooms/27019830,/users/show/12243051,Sonder User Profile
https://www.airbnb.com/rooms/22528686,/users/show/165418559,22 E. Elm User Profile
https://www.airbnb.com/rooms/27679349,/users/show/191736422,Niloo & Damoon User Profile
https://www.airbnb.com/rooms/28175505,/users/show/156330040,Madeline User Profile
https://www.airbnb.com/rooms/30211858,/users/show/191736422,Niloo & Damoon User Profile
https://www.airbnb.com/rooms/25417284,/users/show/191736422,Niloo & Damoon User Profile
https://www.airbnb.com/rooms/30426289,/users/show/164710043,Noah+Team User Profile
https://www.airbnb.com/rooms/27162130,/users/show/164710043,Noah+Team User Profile
https://www.airbnb.com/rooms/29949413,/users/show/11129557,Rent Local User Profile
https://www.airbnb.com/rooms/23223330,/users/show/172755286,Justin User Profile
https://www.airbnb.com/rooms/32727041,/users/show/153282233,Justin User Profile
https://www.airbnb.com/rooms/30965983,/users/show/23612069,Tj User Profile
https://www.airbnb.com/rooms/12902339,/users/show/20521416,Nick User Profile
https://www.airbnb.com/rooms/plus/26029969,/users/show/26535257,Leigh User Profile
https://www.airbnb.com/rooms/32239572,,
https://www.airbnb.com/rooms/31762271,/users/show/11129557,Rent Local User Profile
https://www.airbnb.com/rooms/29435266,/users/show/114879718,Cynthia User Profile
https://www.airbnb.com/rooms/24874221,,
https://www.airbnb.com/rooms/26109045,/users/show/48209432,Naf User Profile
https://www.airbnb.com/rooms/29949298,/users/show/11129557,Rent Local User Profile
https://www.airbnb.com/rooms/31785815,/users/show/11129557,Rent Local User Profile
https://www.airbnb.com/rooms/30445418,/users/show/164710043,Noah+Team User Profile
https://www.airbnb.com/rooms/21153383,/users/show/38029311,Maria José User Profile
https://www.airbnb.com/rooms/18073252,/users/show/33870996,Yvonne User Profile
https://www.airbnb.com/rooms/30092800,/users/show/87231,Jeff And JoAnne User Profile
https://www.airbnb.com/rooms/30588506,/users/show/12243051,Sonder User Profile
https://www.airbnb.com/rooms/242751,/users/show/87231,Jeff And JoAnne User Profile
https://www.airbnb.com/rooms/2817608,/users/show/791089,Conrad User Profile
https://www.airbnb.com/rooms/16588514,,
https://www.airbnb.com/rooms/25139005,/users/show/9094538,Nicole User Profile
https://www.airbnb.com/rooms/6750168,/users/show/1649647,Bianca User Profile
https://www.airbnb.com/rooms/27582755,/users/show/58341908,Matt User Profile
https://www.airbnb.com/rooms/32815441,/users/show/153282233,Justin User Profile
https://www.airbnb.com/rooms/32550072,/users/show/78886290,Zach And Stephanie User Profile
https://www.airbnb.com/rooms/14335818,,
https://www.airbnb.com/rooms/1759266,/users/show/9249272,Mark User Profile
https://www.airbnb.com/rooms/33046907,,
https://www.airbnb.com/rooms/24340435,/users/show/2630113,Nikkole User Profile
https://www.airbnb.com/rooms/19621987,/users/show/12243051,Sonder User Profile
https://www.airbnb.com/rooms/15484960,/users/show/99423679,Mike User Profile
https://www.airbnb.com/rooms/32839426,/users/show/58341908,Matt User Profile
https://www.airbnb.com/rooms/1427950,/users/show/1222412,Elizabeth User Profile
https://www.airbnb.com/rooms/20070634,/users/show/9094538,Nicole User Profile
https://www.airbnb.com/rooms/33360480,/users/show/78716376,Michael & Alex User Profile
https://www.airbnb.com/rooms/23543773,/users/show/98257589,Bart User Profile
https://www.airbnb.com/rooms/9332254,,
https://www.airbnb.com/rooms/24473989,/users/show/80549981,Shay User Profile
https://www.airbnb.com/rooms/144840,/users/show/701615,Daniel User Profile
https://www.airbnb.com/rooms/18412293,/users/show/12243051,Sonder User Profile
https://www.airbnb.com/rooms/30659686,,
https://www.airbnb.com/rooms/14748152,/users/show/12243051,Sonder User Profile
https://www.airbnb.com/rooms/27577639,/users/show/5228189,Matthew User Profile
https://www.airbnb.com/rooms/21473402,/users/show/12243051,Sonder User Profile
https://www.airbnb.com/rooms/29877084,/users/show/6616235,Slavyana User Profile
https://www.airbnb.com/rooms/7713993,/users/show/7669813,Jude User Profile
https://www.airbnb.com/rooms/11176460,/users/show/1132121,Robert User Profile
https://www.airbnb.com/rooms/32901569,/users/show/246896879,Jill User Profile
https://www.airbnb.com/rooms/32749469,/users/show/179367980,Wendy And Matt User Profile
https://www.airbnb.com/rooms/plus/17465173,/users/show/118261177,Ben & Carly User Profile
https://www.airbnb.com/rooms/8229081,/users/show/7748106,Sharon User Profile
https://www.airbnb.com/rooms/21550660,/users/show/5633777,Nicole User Profile
https://www.airbnb.com/rooms/25882885,/users/show/193754049,Mike User Profile
https://www.airbnb.com/rooms/13412939,/users/show/55566926,David User Profile
https://www.airbnb.com/rooms/12809618,/users/show/9128788,Ryan User Profile
https://www.airbnb.com/rooms/22080443,/users/show/60726537,Casey User Profile
https://www.airbnb.com/rooms/25870091,/users/show/193752800,Robby User Profile
https://www.airbnb.com/rooms/32139905,/users/show/53898532,Daniel User Profile
https://www.airbnb.com/rooms/31380234,/users/show/134776344,Jack User Profile
https://www.airbnb.com/rooms/13522012,/users/show/22608682,Ryan User Profile
https://www.airbnb.com/rooms/102553354,,
https://www.airbnb.com/rooms/29919180,/users/show/23612069,Tj User Profile
https://www.airbnb.com/rooms/14858693,/users/show/19403802,Fenesha User Profile
https://www.airbnb.com/rooms/15009956,/users/show/87333698,Carlos User Profile
https://www.airbnb.com/rooms/plus/19893328,/users/show/8549643,George & Sean User Profile
https://www.airbnb.com/rooms/30082880,/users/show/226048700,Operating User Profile
https://www.airbnb.com/rooms/plus/14091800,/users/show/23496786,Shawn User Profile
https://www.airbnb.com/rooms/29985217,/users/show/136116380,Michael User Profile
https://www.airbnb.com/rooms/31759556,/users/show/10902884,Josette User Profile
https://www.airbnb.com/rooms/20831848,/users/show/70674557,Jacqueline User Profile
https://www.airbnb.com/rooms/25684393,/users/show/21406654,Megan User Profile
https://www.airbnb.com/rooms/30010719,/users/show/23612069,Tj User Profile
https://www.airbnb.com/rooms/31147783,/users/show/112134166,Victoria User Profile
https://www.airbnb.com/rooms/17634614,/users/show/27081337,Michael User Profile
https://www.airbnb.com/rooms/26988959,/users/show/12243051,Sonder User Profile
https://www.airbnb.com/rooms/16517516,/users/show/12243051,Sonder User Profile
https://www.airbnb.com/rooms/20166711,/users/show/27081337,Michael User Profile
https://www.airbnb.com/rooms/32163641,/users/show/235859050,Bennett User Profile
https://www.airbnb.com/rooms/102910898,,
https://www.airbnb.com/rooms/28103900,/users/show/83773615,Dennis User Profile
https://www.airbnb.com/rooms/26041903,/users/show/89233549,Maciej User Profile
https://www.airbnb.com/rooms/8286958,/users/show/28172807,Sadie Rose And Patrick User Profile
https://www.airbnb.com/rooms/27731150,/users/show/1673262,Barbara User Profile
https://www.airbnb.com/rooms/3534562,/users/show/2013410,Peter User Profile
https://www.airbnb.com/rooms/21814029,/users/show/158998071,Kara User Profile
https://www.airbnb.com/rooms/21845396,/users/show/23612069,Tj User Profile
https://www.airbnb.com/rooms/5393792,/users/show/14187956,Etty User Profile
https://www.airbnb.com/rooms/14296844,/users/show/45237292,John User Profile
https://www.airbnb.com/rooms/31856571,/users/show/218452414,Livly User Profile
https://www.airbnb.com/rooms/8799237,/users/show/36300208,Maria User Profile
https://www.airbnb.com/rooms/27704490,,
https://www.airbnb.com/rooms/20834660,/users/show/113562870,Amy User Profile
https://www.airbnb.com/rooms/16528632,/users/show/22308676,Brodi User Profile
https://www.airbnb.com/rooms/25942641,/users/show/108145916,John User Profile
https://www.airbnb.com/rooms/24632872,/users/show/186156546,Kelley And Armando User Profile
https://www.airbnb.com/rooms/20918478,/users/show/104904598,Rhett User Profile
https://www.airbnb.com/rooms/29585534,/users/show/9265623,Phillip & Michelle User Profile
https://www.airbnb.com/rooms/20165644,/users/show/65299403,Rod User Profile
https://www.airbnb.com/rooms/20419957,/users/show/3573488,Kristina User Profile
https://www.airbnb.com/rooms/4668682,/users/show/10363033,Jessica User Profile
https://www.airbnb.com/rooms/28739054,/users/show/13747798,Michael User Profile
https://www.airbnb.com/rooms/27923148,/users/show/210924870,Sophie User Profile
https://www.airbnb.com/rooms/27824672,/users/show/5642623,Lynn User Profile
https://www.airbnb.com/rooms/27162417,/users/show/115963417,Giovanni User Profile
https://www.airbnb.com/rooms/14009467,/users/show/16027235,Krista User Profile
https://www.airbnb.com/rooms/27439525,/users/show/206783790,Oscar User Profile
https://www.airbnb.com/rooms/6990105,/users/show/33605887,Ewa User Profile
https://www.airbnb.com/rooms/33291088,/users/show/242553233,Maria User Profile
https://www.airbnb.com/rooms/28612926,/users/show/6740588,Kelly User Profile
https://www.airbnb.com/rooms/27106400,/users/show/33605887,Ewa User Profile
https://www.airbnb.com/rooms/8207547,/users/show/43279627,Alexander User Profile
https://www.airbnb.com/rooms/15954582,/users/show/97706065,Wesley User Profile
https://www.airbnb.com/rooms/26891831,,
https://www.airbnb.com/rooms/12169862,/users/show/44002119,Ricky User Profile
https://www.airbnb.com/rooms/17626341,/users/show/119863033,Jeanette User Profile
https://www.airbnb.com/rooms/7747636,/users/show/10605838,Denise User Profile
https://www.airbnb.com/rooms/4075630,/users/show/16864162,Brittany User Profile
https://www.airbnb.com/rooms/2695259,/users/show/13793246,Kristi User Profile
https://www.airbnb.com/rooms/24222407,/users/show/111840484,Angel User Profile
https://www.airbnb.com/rooms/23640910,/users/show/126591041,Lisa User Profile
https://www.airbnb.com/rooms/7678127,/users/show/40319547,Josh User Profile
https://www.airbnb.com/rooms/17463228,/users/show/111840484,Angel User Profile
https://www.airbnb.com/rooms/350347,/users/show/845242,Jay & Elisa User Profile
https://www.airbnb.com/rooms/28833234,/users/show/23612069,Tj User Profile
https://www.airbnb.com/rooms/32466734,/users/show/92192981,Ariel User Profile
https://www.airbnb.com/rooms/23420469,/users/show/68766769,Cathy User Profile
https://www.airbnb.com/rooms/24397485,/users/show/19177713,Jean-Marc User Profile
https://www.airbnb.com/rooms/32763376,/users/show/172402450,Lora User Profile
https://www.airbnb.com/rooms/33263240,/users/show/18659645,Madeleine User Profile
https://www.airbnb.com/rooms/33171011,,
https://www.airbnb.com/rooms/27552527,/users/show/64582798,Mike User Profile
https://www.airbnb.com/rooms/26165833,/users/show/2381032,Kathryn User Profile
https://www.airbnb.com/rooms/32128726,/users/show/240228770,Cloud9 User Profile
https://www.airbnb.com/rooms/18918084,/users/show/11645672,Kelly User Profile
https://www.airbnb.com/rooms/12871814,/users/show/48048331,John User Profile
https://www.airbnb.com/rooms/26565556,/users/show/44887206,Ed User Profile
https://www.airbnb.com/rooms/32769316,/users/show/172402450,Lora User Profile
https://www.airbnb.com/rooms/8035220,/users/show/42427128,Veronica User Profile
https://www.airbnb.com/rooms/22242931,/users/show/162532475,Brandy User Profile
https://www.airbnb.com/rooms/24871952,/users/show/24455650,Cynthia And Charlie User Profile
https://www.airbnb.com/rooms/32015799,/users/show/171373778,Goran User Profile
https://www.airbnb.com/rooms/32223084,/users/show/9482659,Janice User Profile
https://www.airbnb.com/rooms/28115625,/users/show/207109604,Ginosi User Profile
https://www.airbnb.com/rooms/14437950,/users/show/71878654,Cherilyn User Profile
https://www.airbnb.com/rooms/16925222,/users/show/65299403,Rod User Profile
https://www.airbnb.com/rooms/21438121,/users/show/5854430,Dan User Profile
https://www.airbnb.com/rooms/21278768,/users/show/26302525,Margarita & Mike User Profile
https://www.airbnb.com/rooms/21736570,/users/show/30648458,Tom User Profile
https://www.airbnb.com/rooms/24066022,/users/show/181195158,Wendy User Profile
https://www.airbnb.com/rooms/32769505,/users/show/172402450,Lora User Profile
https://www.airbnb.com/rooms/15858916,/users/show/24199588,Sasha User Profile
https://www.airbnb.com/rooms/27359639,/users/show/153282233,Justin User Profile
https://www.airbnb.com/rooms/plus/25186625,/users/show/20890178,Martha User Profile
https://www.airbnb.com/rooms/32939158,/users/show/63936686,Alex User Profile
https://www.airbnb.com/rooms/12950188,/users/show/45284138,Kenny User Profile
https://www.airbnb.com/rooms/4173269,/users/show/15390297,Bozena User Profile
https://www.airbnb.com/rooms/32495754,/users/show/42040727,Stephanie User Profile
https://www.airbnb.com/rooms/29672965,/users/show/41862889,Inna User Profile
https://www.airbnb.com/rooms/23026729,/users/show/170862437,Hari User Profile
https://www.airbnb.com/rooms/27510339,/users/show/199918206,Peters User Profile
https://www.airbnb.com/rooms/102666502,,
https://www.airbnb.com/rooms/102813539,,
https://www.airbnb.com/rooms/4735600,,
https://www.airbnb.com/rooms/10874898,/users/show/14898769,Olivia User Profile
https://www.airbnb.com/rooms/21924833,/users/show/11651621,Lisa User Profile
https://www.airbnb.com/rooms/33024440,/users/show/41862889,Inna User Profile
https://www.airbnb.com/rooms/15656727,/users/show/51270838,Dan User Profile
https://www.airbnb.com/rooms/28891487,/users/show/19634809,Grace User Profile
https://www.airbnb.com/rooms/30013572,/users/show/56266700,Paulina User Profile
https://www.airbnb.com/rooms/14400451,/users/show/25173295,Angie User Profile
https://www.airbnb.com/rooms/13496433,/users/show/1597671,Naomi And JJ User Profile
https://www.airbnb.com/rooms/17795412,/users/show/173968333,Irena User Profile
https://www.airbnb.com/rooms/23906774,/users/show/2886974,Karen User Profile
https://www.airbnb.com/rooms/32245069,/users/show/172402450,Lora User Profile
https://www.airbnb.com/rooms/27661519,/users/show/157813360,Danny User Profile
https://www.airbnb.com/rooms/7198481,/users/show/31824509,Andrew User Profile
https://www.airbnb.com/rooms/28982045,/users/show/185334362,Michael User Profile
https://www.airbnb.com/rooms/29311507,/users/show/12013646,Luis User Profile
https://www.airbnb.com/rooms/29966964,/users/show/215257852,Hosting User Profile
https://www.airbnb.com/rooms/14942835,/users/show/89737716,Oleg User Profile
https://www.airbnb.com/rooms/22031417,/users/show/4069585,Liz User Profile
https://www.airbnb.com/rooms/27229757,/users/show/176809783,Maxwell User Profile
https://www.airbnb.com/rooms/23372309,/users/show/90941888,Erinn User Profile
https://www.airbnb.com/rooms/22816181,/users/show/94867877,Maia Lis User Profile
https://www.airbnb.com/rooms/15719729,/users/show/98175134,Kevin User Profile
https://www.airbnb.com/rooms/31808272,/users/show/238358327,Kari User Profile
https://www.airbnb.com/rooms/14871197,/users/show/37607540,Kristine User Profile
https://www.airbnb.com/rooms/18387756,/users/show/52879705,Morgan User Profile
https://www.airbnb.com/rooms/plus/19158517,/users/show/54727125,Matt User Profile
https://www.airbnb.com/rooms/26705201,/users/show/24942185,Karl User Profile
https://www.airbnb.com/rooms/28135620,/users/show/10656654,Jasmine User Profile
https://www.airbnb.com/rooms/30167385,,
https://www.airbnb.com/rooms/18856449,/users/show/131366873,Jozef & Robert User Profile
https://www.airbnb.com/rooms/26713916,/users/show/41862889,Inna User Profile
https://www.airbnb.com/rooms/25238570,/users/show/41862889,Inna User Profile
https://www.airbnb.com/rooms/32737163,/users/show/24942185,Karl User Profile
https://www.airbnb.com/rooms/30043302,/users/show/41862889,Inna User Profile
https://www.airbnb.com/rooms/15283809,/users/show/173968333,Irena User Profile
https://www.airbnb.com/rooms/7602989,/users/show/173968333,Irena User Profile
https://www.airbnb.com/rooms/28303715,/users/show/41862889,Inna User Profile
https://www.airbnb.com/rooms/31743126,,
https://www.airbnb.com/rooms/26877934,/users/show/127235673,Alex User Profile
https://www.airbnb.com/rooms/29386356,/users/show/90477795,Brian User Profile
https://www.airbnb.com/rooms/22803677,/users/show/90477795,Brian User Profile
https://www.airbnb.com/rooms/19788566,/users/show/90477795,Brian User Profile
https://www.airbnb.com/rooms/9614922,/users/show/4069585,Liz User Profile
https://www.airbnb.com/rooms/32210477,/users/show/166918192,Sara & Samir User Profile
https://www.airbnb.com/rooms/32721332,/users/show/55327009,Loretta User Profile
https://www.airbnb.com/rooms/14631349,/users/show/90644159,Jean User Profile
https://www.airbnb.com/rooms/14732833,/users/show/36088100,Peter User Profile
https://www.airbnb.com/rooms/25750827,,
https://www.airbnb.com/rooms/33375508,/users/show/39345107,Tom User Profile
https://www.airbnb.com/rooms/27226654,/users/show/300435,Whitney User Profile
https://www.airbnb.com/rooms/28511620,/users/show/81779,Laura User Profile
https://www.airbnb.com/rooms/27878072,,
https://www.airbnb.com/rooms/29490593,/users/show/166918192,Sara & Samir User Profile
https://www.airbnb.com/rooms/27282887,/users/show/27185271,Emily User Profile
https://www.airbnb.com/rooms/26338889,,
https://www.airbnb.com/rooms/17287254,/users/show/115156602,Julia User Profile
https://www.airbnb.com/rooms/30467985,/users/show/220240791,Joe User Profile
https://www.airbnb.com/rooms/21868975,/users/show/23612069,Tj User Profile
https://www.airbnb.com/rooms/29592300,/users/show/35781467,Sonia & Syed User Profile
https://www.airbnb.com/rooms/31115966,,
https://www.airbnb.com/rooms/32960497,/users/show/248052222,Jackie User Profile
https://www.airbnb.com/rooms/32984483,,
https://www.airbnb.com/rooms/13063679,/users/show/87231,Jeff And JoAnne User Profile
https://www.airbnb.com/rooms/12968778,/users/show/71337943,Bill User Profile
https://www.airbnb.com/rooms/33446736,/users/show/14079725,Alfreda User Profile
https://www.airbnb.com/rooms/plus/20053035,/users/show/117498144,Dasha & Owen User Profile
https://www.airbnb.com/rooms/33421993,/users/show/251761681,Benjamin User Profile
https://www.airbnb.com/rooms/33565951,/users/show/139564281,Claudia User Profile
https://www.airbnb.com/rooms/15649553,/users/show/16479196,Marco User Profile
https://www.airbnb.com/rooms/31143976,/users/show/218452414,Livly User Profile
https://www.airbnb.com/rooms/23926275,/users/show/1385332,Patt User Profile
https://www.airbnb.com/rooms/30696124,,
https://www.airbnb.com/rooms/12808357,/users/show/67664674,Kim User Profile
https://www.airbnb.com/rooms/11965767,/users/show/63912106,Unique Lincoln Park Duplex Apartmen User Profile
https://www.airbnb.com/rooms/18854028,/users/show/131335007,Matthew User Profile
https://www.airbnb.com/rooms/32592029,/users/show/223901228,Kevin User Profile
https://www.airbnb.com/rooms/25307850,/users/show/191156752,John User Profile
https://www.airbnb.com/rooms/22885015,/users/show/164710043,Noah+Team User Profile
https://www.airbnb.com/rooms/19249102,/users/show/3382417,Heather And Mehran User Profile
https://www.airbnb.com/rooms/20017528,/users/show/9769803,SaraJane User Profile
https://www.airbnb.com/rooms/12136495,/users/show/33127842,Kari User Profile
https://www.airbnb.com/rooms/19038878,/users/show/125412587,Luis User Profile
https://www.airbnb.com/rooms/14483019,/users/show/8189938,Gen User Profile
https://www.airbnb.com/rooms/30562189,,
https://www.airbnb.com/rooms/21810955,/users/show/158948610,Michael User Profile
https://www.airbnb.com/rooms/29495664,/users/show/161786516,John User Profile
https://www.airbnb.com/rooms/21696340,/users/show/161131922,Alice User Profile
https://www.airbnb.com/rooms/29784793,/users/show/224089876,Dominik User Profile
https://www.airbnb.com/rooms/15909562,/users/show/67653393,Dan User Profile
https://www.airbnb.com/rooms/4133737,/users/show/2627699,Chris User Profile
https://www.airbnb.com/rooms/30392506,,
https://www.airbnb.com/rooms/26961124,/users/show/164710043,Noah+Team User Profile
https://www.airbnb.com/rooms/31089275,,
https://www.airbnb.com/rooms/18609191,/users/show/9094538,Nicole User Profile
https://www.airbnb.com/rooms/27112015,/users/show/89624904,Aaron And Sonia User Profile
https://www.airbnb.com/rooms/30539440,/users/show/229151725,Jovani User Profile
https://www.airbnb.com/rooms/18826618,/users/show/4058283,Maura User Profile
https://www.airbnb.com/rooms/26700761,/users/show/156756068,Larissa User Profile
https://www.airbnb.com/rooms/31378281,,
https://www.airbnb.com/rooms/16302846,/users/show/9094538,Nicole User Profile
https://www.airbnb.com/rooms/33314508,,
https://www.airbnb.com/rooms/26060078,/users/show/13664324,Robert & Liz User Profile
https://www.airbnb.com/rooms/33425130,,
https://www.airbnb.com/rooms/29120599,,
https://www.airbnb.com/rooms/26029058,/users/show/116537780,Eric User Profile
https://www.airbnb.com/rooms/2658946,/users/show/10363033,Jessica User Profile
https://www.airbnb.com/rooms/12778606,/users/show/69532286,Ms. User Profile
https://www.airbnb.com/rooms/6319095,,
https://www.airbnb.com/rooms/27723393,/users/show/122157,Aasim User Profile
https://www.airbnb.com/rooms/33345460,,
https://www.airbnb.com/rooms/101923997,,
https://www.airbnb.com/rooms/25395862,/users/show/99375151,Marina User Profile
https://www.airbnb.com/rooms/6780171,/users/show/683529,Joe User Profile
https://www.airbnb.com/rooms/26717956,/users/show/12243051,Sonder User Profile
https://www.airbnb.com/rooms/7810030,/users/show/173968333,Irena User Profile
https://www.airbnb.com/rooms/2764548,/users/show/10347187,David User Profile
https://www.airbnb.com/rooms/27169962,/users/show/96077818,Raphaël User Profile
https://www.airbnb.com/rooms/31087521,/users/show/28769860,Laura User Profile
https://www.airbnb.com/rooms/24288328,/users/show/19344584,Shady User Profile
https://www.airbnb.com/rooms/19810738,/users/show/28500676,Joshua User Profile
https://www.airbnb.com/rooms/29120761,/users/show/219447316,Nancy User Profile
https://www.airbnb.com/rooms/29511920,,
https://www.airbnb.com/rooms/14864741,/users/show/93114656,Jennifer User Profile
https://www.airbnb.com/rooms/21289942,/users/show/47035703,Edwin User Profile
https://www.airbnb.com/rooms/24395062,/users/show/175862989,Hotel Felix User Profile
https://www.airbnb.com/rooms/28742857,/users/show/265864,Claire User Profile
https://www.airbnb.com/rooms/23709941,/users/show/177656300,Elizabeth User Profile
https://www.airbnb.com/rooms/14122332,/users/show/84493416,Jillian User Profile
https://www.airbnb.com/rooms/24425429,/users/show/126756056,Nate User Profile
https://www.airbnb.com/rooms/29284041,/users/show/212499522,David User Profile
https://www.airbnb.com/rooms/6863046,/users/show/683529,Joe User Profile
https://www.airbnb.com/rooms/29648909,,
https://www.airbnb.com/rooms/25192243,/users/show/190353611,Joshua User Profile
https://www.airbnb.com/rooms/14606314,/users/show/38697392,Twyler User Profile
https://www.airbnb.com/rooms/29516508,/users/show/79010967,Bocho User Profile
https://www.airbnb.com/rooms/27965743,/users/show/88566861,Kasa User Profile
https://www.airbnb.com/rooms/27406066,/users/show/41105737,David User Profile
https://www.airbnb.com/rooms/25861262,/users/show/194299805,Shaun User Profile
https://www.airbnb.com/rooms/16275886,/users/show/21777569,Christopher User Profile
https://www.airbnb.com/rooms/24563245,/users/show/147218562,Melissa User Profile
https://www.airbnb.com/rooms/2429295,/users/show/12416635,David User Profile
https://www.airbnb.com/rooms/20590059,,
https://www.airbnb.com/rooms/19914093,/users/show/134446004,Ibi User Profile
https://www.airbnb.com/rooms/28047906,/users/show/73225990,George User Profile
https://www.airbnb.com/rooms/102763254,,
https://www.airbnb.com/rooms/22970791,/users/show/64582798,Mike User Profile
https://www.airbnb.com/rooms/9257902,/users/show/46160528,John User Profile
https://www.airbnb.com/rooms/24222537,/users/show/111840484,Angel User Profile
https://www.airbnb.com/rooms/25924672,/users/show/194160632,Jerome User Profile
https://www.airbnb.com/rooms/26875610,,
https://www.airbnb.com/rooms/26272268,/users/show/145141302,John User Profile
https://www.airbnb.com/rooms/30499077,/users/show/228880882,Alfred User Profile
https://www.airbnb.com/rooms/23549428,/users/show/175954064,Helen User Profile
https://www.airbnb.com/rooms/8676695,/users/show/919972,Alissa User Profile
https://www.airbnb.com/rooms/25261101,/users/show/82885558,Deimile User Profile
https://www.airbnb.com/rooms/102499527,,
https://www.airbnb.com/rooms/7730115,/users/show/40620214,Rose User Profile
https://www.airbnb.com/rooms/28006825,/users/show/99375151,Marina User Profile
listing_url,host_url,host_name
https://www.airbnb.com/rooms/3634631,/users/show/2453507,Estelle User Profile
https://www.airbnb.com/rooms/26430757,/users/show/187042993,Umikah User Profile
https://www.airbnb.com/rooms/14499881,/users/show/53352590,Patricia User Profile
https://www.airbnb.com/rooms/20036818,/users/show/137501409,Giovannie User Profile
https://www.airbnb.com/rooms/29421194,/users/show/143825988,Domio User Profile
https://www.airbnb.com/rooms/102813535,,
https://www.airbnb.com/rooms/30476352,/users/show/40611884,Jorge User Profile
https://www.airbnb.com/rooms/30763031,/users/show/71703870,Hyra User Profile
https://www.airbnb.com/rooms/30944993,/users/show/231234445,Mary User Profile
https://www.airbnb.com/rooms/26813241,/users/show/123420681,Sean User Profile
https://www.airbnb.com/rooms/102763276,,
https://www.airbnb.com/rooms/22923636,/users/show/35244265,Thomas User Profile
https://www.airbnb.com/rooms/14446278,/users/show/4920371,Jocelyn And Lea User Profile
https://www.airbnb.com/rooms/21612957,/users/show/154630260,Ody User Profile
https://www.airbnb.com/rooms/101756187,,
https://www.airbnb.com/rooms/25278191,/users/show/141061318,Desired Properties User Profile
https://www.airbnb.com/rooms/12321714,/users/show/42865476,Kate User Profile
https://www.airbnb.com/rooms/31052677,,
https://www.airbnb.com/rooms/26687249,/users/show/8534462,Corp Condos & Apts User Profile
https://www.airbnb.com/rooms/28152683,/users/show/178334811,Carol User Profile
https://www.airbnb.com/rooms/3580497,/users/show/3986873,Elena User Profile
https://www.airbnb.com/rooms/24969336,/users/show/158209422,Annie User Profile
https://www.airbnb.com/rooms/18550040,/users/show/100230982,Anne User Profile
https://www.airbnb.com/rooms/8310869,/users/show/43280007,Matthew User Profile
https://www.airbnb.com/rooms/16318864,/users/show/21504287,Amanda User Profile
https://www.airbnb.com/rooms/30153765,/users/show/220240791,Joe User Profile
https://www.airbnb.com/rooms/79101,/users/show/272671,Two For The Road User Profile
https://www.airbnb.com/rooms/30693617,/users/show/111477228,Jody User Profile
https://www.airbnb.com/rooms/30556593,/users/show/96539847,Charles User Profile
https://www.airbnb.com/rooms/17920957,/users/show/5228189,Matthew User Profile
https://www.airbnb.com/rooms/363702,,
https://www.airbnb.com/rooms/26988280,/users/show/12243051,Sonder User Profile
https://www.airbnb.com/rooms/28517080,/users/show/47172572,Zencity User Profile
https://www.airbnb.com/rooms/1989590,/users/show/10260239,Laura And Joel User Profile
https://www.airbnb.com/rooms/14521556,/users/show/89737716,Oleg User Profile
https://www.airbnb.com/rooms/29371285,/users/show/220441747,Luiz User Profile
https://www.airbnb.com/rooms/1503962,/users/show/5892784,Alin User Profile
https://www.airbnb.com/rooms/28806619,/users/show/87231,Jeff And JoAnne User Profile
https://www.airbnb.com/rooms/28073629,/users/show/212068907,Troy And Alex User Profile
https://www.airbnb.com/rooms/15581842,/users/show/3485902,Maghen User Profile
https://www.airbnb.com/rooms/18599313,/users/show/2655235,Eric User Profile
https://www.airbnb.com/rooms/225314,/users/show/1173654,Jillian User Profile
https://www.airbnb.com/rooms/8635380,/users/show/3965428,Rob User Profile
https://www.airbnb.com/rooms/15406653,/users/show/3314137,Jessie User Profile
https://www.airbnb.com/rooms/6014128,/users/show/3965428,Rob User Profile
https://www.airbnb.com/rooms/22274319,/users/show/143729331,Christopher User Profile
https://www.airbnb.com/rooms/28545594,/users/show/12243051,Sonder User Profile
https://www.airbnb.com/rooms/28953544,/users/show/23907768,Tomer User Profile
https://www.airbnb.com/rooms/26428768,/users/show/198731500,J.R. User Profile
https://www.airbnb.com/rooms/22470940,/users/show/25252775,Jane User Profile
https://www.airbnb.com/rooms/27424869,/users/show/65641991,Erik User Profile
https://www.airbnb.com/rooms/28045959,/users/show/94492327,Jean User Profile
https://www.airbnb.com/rooms/8780222,/users/show/42524732,Kay User Profile
https://www.airbnb.com/rooms/24625012,/users/show/177526473,Drew User Profile
https://www.airbnb.com/rooms/plus/21400476,/users/show/143825988,Domio User Profile
https://www.airbnb.com/rooms/30113001,,
https://www.airbnb.com/rooms/8188570,/users/show/17251828,Kaushal User Profile
https://www.airbnb.com/rooms/5169411,/users/show/26735844,Jenny User Profile
https://www.airbnb.com/rooms/19483555,/users/show/136739384,Suzanne User Profile
https://www.airbnb.com/rooms/18875703,/users/show/33399135,Kelin User Profile
https://www.airbnb.com/rooms/29613518,/users/show/21425912,Suzanne User Profile
https://www.airbnb.com/rooms/17448630,/users/show/89704746,Derek User Profile
https://www.airbnb.com/rooms/735447,/users/show/3836635,Caitlin User Profile
https://www.airbnb.com/rooms/30470036,/users/show/162840784,Henry User Profile
https://www.airbnb.com/rooms/28358155,/users/show/12178834,Kim User Profile
https://www.airbnb.com/500.html,,
https://www.airbnb.com/rooms/15926037,/users/show/64582798,Mike User Profile
https://www.airbnb.com/rooms/21472684,/users/show/155934833,J Selena User Profile
https://www.airbnb.com/rooms/15939618,/users/show/1214607,Coral User Profile
https://www.airbnb.com/rooms/28038465,/users/show/157556309,Keionna User Profile
https://www.airbnb.com/rooms/29612412,/users/show/164710043,Noah+Team User Profile
https://www.airbnb.com/rooms/28545502,/users/show/12243051,Sonder User Profile
https://www.airbnb.com/rooms/640841,/users/show/3200044,James User Profile
https://www.airbnb.com/rooms/3932775,/users/show/20374657,Shelly User Profile
https://www.airbnb.com/rooms/19673761,/users/show/12243051,Sonder User Profile
https://www.airbnb.com/rooms/31818850,/users/show/238460525,Olga User Profile
https://www.airbnb.com/rooms/790934,/users/show/2907254,Joe User Profile
https://www.airbnb.com/rooms/24916674,/users/show/119863033,Jeanette User Profile
https://www.airbnb.com/rooms/19327931,/users/show/44967753,Peter User Profile
https://www.airbnb.com/rooms/22944070,/users/show/64582798,Mike User Profile
https://www.airbnb.com/rooms/27539828,/users/show/165984330,Dave User Profile
https://www.airbnb.com/rooms/101903306,,
https://www.airbnb.com/rooms/27761935,/users/show/53205616,Kenyata User Profile
https://www.airbnb.com/rooms/17908056,/users/show/2455602,Gildas User Profile
https://www.airbnb.com/rooms/14586209,/users/show/38093665,Michael & Kelly User Profile
https://www.airbnb.com/rooms/29187058,/users/show/16510613,Jacquelyn User Profile
https://www.airbnb.com/rooms/15650827,/users/show/51270838,Dan User Profile
https://www.airbnb.com/rooms/585353,/users/show/2885441,Tracy User Profile
https://www.airbnb.com/rooms/26666083,/users/show/59794802,Leila Suelen User Profile
https://www.airbnb.com/rooms/31380957,/users/show/134776344,Jack User Profile
https://www.airbnb.com/rooms/15023276,/users/show/16584100,Jeff User Profile
https://www.airbnb.com/rooms/31024912,/users/show/231729096,Bryan User Profile
https://www.airbnb.com/rooms/450648,/users/show/2204693,Dl User Profile
https://www.airbnb.com/rooms/6359332,/users/show/33127842,Kari User Profile
https://www.airbnb.com/rooms/165952,/users/show/791089,Conrad User Profile
https://www.airbnb.com/rooms/15942308,/users/show/57387860,Freehand User Profile
https://www.airbnb.com/rooms/102571156,,
https://www.airbnb.com/rooms/15950510,/users/show/57387860,Freehand User Profile
https://www.airbnb.com/rooms/25633871,/users/show/30675186,Andrew User Profile
https://www.airbnb.com/rooms/14885789,/users/show/93362933,Andrew User Profile
https://www.airbnb.com/rooms/12252435,/users/show/5961606,David User Profile
https://www.airbnb.com/rooms/23521618,/users/show/175449518,Benjamin User Profile
https://www.airbnb.com/rooms/100047732,,
https://www.airbnb.com/rooms/3302759,/users/show/16680094,Shana & Mike User Profile
https://www.airbnb.com/rooms/plus/15289972,/users/show/97333879,Kelly User Profile
